Player,Team,Age,GP,W,L,Min,PTS,FGM,FGA,FG%,3PM,3PA,3P%,FTM,FTA,FT%,OREB,DREB,REB,AST,TOV,STL,BLK,PF,FP,DD2,TD3,PLUS_MINUS
Shai Gilgeous-Alexander,OKC,27,40,33,7,1330.8,1265,430,789,54.5,78,199,39.2,327,369,88.6,17,160,177,253,81,54,32,81,2034,3,0,476
Tyrese Maxey,PHI,25,38,21,17,1495.4,1150,401,846,47.4,139,346,40.2,209,238,87.8,10,158,168,254,95,72,37,79,1965,4,0,84
Donovan Mitchell,CLE,29,39,22,17,1324.5,1140,396,809,48.9,152,389,39.1,196,232,84.5,33,156,189,224,119,57,10,97,1785,3,0,233
Jaylen Brown,BOS,29,37,23,14,1263.0,1089,400,814,49.1,81,217,37.3,208,265,78.5,45,194,239,181,140,36,14,114,1657,5,1,110
Luka Dončić,LAL,26,32,20,12,1164.3,1075,337,720,46.8,109,326,33.4,292,373,78.3,30,217,247,278,143,50,17,86,1846,19,4,33
Jalen Brunson,NYK,29,37,24,13,1276.2,1045,372,773,48.1,111,286,38.8,190,223,85.2,20,100,120,227,85,26,3,89,1532,5,0,135
Deni Avdija,POR,25,40,19,21,1414.3,1043,317,678,46.8,92,259,35.5,317,396,80.1,40,243,283,276,156,35,24,111,1818,12,3,24
James Harden,LAC,36,38,17,21,1358.2,980,283,669,42.3,120,346,34.7,294,328,89.6,23,156,179,306,135,49,13,75,1705,12,2,6
Kevin Durant,HOU,37,37,22,15,1350.7,973,343,665,51.6,82,203,40.4,205,231,88.7,15,185,200,166,112,27,36,79,1539,5,0,247
Pascal Siakam,IND,31,41,10,31,1387.6,969,363,752,48.3,72,192,37.5,171,250,68.4,68,215,283,159,90,50,18,107,1661,8,0,-124
Jamal Murray,DEN,28,37,25,12,1316.7,954,339,701,48.4,127,285,44.6,149,167,89.2,17,151,168,276,86,37,11,60,1628,10,0,230
Anthony Edwards,MIN,24,33,22,11,1151.9,953,329,658,50.0,110,269,40.9,185,235,78.7,20,144,164,124,90,44,28,61,1462,1,0,82
Julius Randle,MIN,31,42,27,15,1408.1,949,330,665,49.6,68,200,34.0,221,275,80.4,68,228,296,235,106,43,7,113,1701,12,2,196
Nikola Jokić,DEN,30,32,22,10,1105.9,948,339,560,60.5,67,154,43.5,203,238,85.3,97,292,389,351,113,44,24,89,2032,28,16,304
Keyonte George,UTA,22,40,14,26,1368.6,947,298,654,45.6,98,269,36.4,253,279,90.7,20,146,166,273,140,40,11,94,1569,4,0,-227
Devin Booker,PHX,29,37,23,14,1260.4,934,306,674,45.4,61,201,30.3,261,303,86.1,32,118,150,240,121,34,12,100,1491,5,0,150
Lauri Markkanen,UTA,28,33,14,19,1187.2,922,314,650,48.3,96,263,36.5,198,224,88.4,66,171,237,71,52,34,16,65,1411,4,0,-22
Jalen Johnson,ATL,24,39,19,20,1378.1,901,336,648,51.9,62,175,35.4,167,210,79.5,54,340,394,315,135,50,20,80,1921,27,7,-19
Stephen Curry,GSW,37,32,19,13,1024.1,898,295,628,47.0,147,378,38.9,161,173,93.1,14,107,121,158,91,37,15,64,1345,2,0,79
Brandon Ingram,TOR,28,41,24,17,1391.1,894,334,705,47.4,71,201,35.3,155,187,82.9,35,213,248,151,115,30,31,82,1486,1,0,24
Cade Cunningham,DET,24,34,25,9,1214.8,892,309,674,45.8,68,207,32.9,206,250,82.4,35,173,208,332,136,51,28,111,1741,21,3,263
Trey Murphy III,NOP,25,40,10,30,1428.3,888,313,629,49.8,126,325,38.8,136,152,89.5,46,201,247,144,75,62,10,88,1541,4,0,-182
Kawhi Leonard,LAC,34,30,15,15,1013.2,847,292,587,49.7,87,218,39.9,176,187,94.1,27,161,188,104,64,67,19,41,1423,4,0,78
Nickeil Alexander-Walker,ATL,27,41,18,23,1347.0,839,290,647,44.8,123,325,37.8,136,158,86.1,26,123,149,138,84,44,23,88,1342,0,0,-19
Norman Powell,MIA,32,35,19,16,1079.6,837,281,574,49.0,105,254,41.3,170,198,85.9,12,118,130,93,67,44,7,79,1219,0,0,88
Michael Porter Jr.,BKN,27,32,12,20,1058.2,824,291,597,48.7,123,304,40.5,119,141,84.4,42,197,239,103,82,33,7,66,1303,7,0,5
Scottie Barnes,TOR,24,42,25,17,1449.7,820,318,635,50.1,45,138,32.6,139,168,82.7,89,257,346,229,109,56,59,121,1815,19,2,78
Shaedon Sharpe,POR,22,38,18,20,1135.2,818,308,679,45.4,74,225,32.9,128,164,78.0,43,128,171,101,113,56,5,74,1245,0,0,-43
DeMar DeRozan,SAC,36,42,12,30,1407.0,802,288,568,50.7,33,91,36.3,193,220,87.7,22,118,140,164,45,60,10,87,1381,0,0,-292
Karl-Anthony Towns,NYK,30,38,23,15,1228.2,794,257,550,46.7,63,177,35.6,217,252,86.1,114,322,436,112,98,35,25,136,1567,27,0,162
Miles Bridges,CHA,27,40,15,25,1335.1,786,276,616,44.8,95,277,34.3,139,164,84.8,39,220,259,147,58,21,21,73,1385,6,0,-88
Desmond Bane,ORL,27,41,23,18,1386.8,781,284,630,45.1,68,203,33.5,145,156,92.9,53,133,186,186,92,32,22,122,1353,1,0,88
Giannis Antetokounmpo,MIL,31,27,14,13,782.9,777,295,456,64.7,15,37,40.5,172,264,65.2,78,179,257,148,90,25,21,72,1355,14,0,129
Kon Knueppel,CHA,20,40,15,25,1301.6,762,264,545,48.4,137,320,42.8,97,109,89.0,39,167,206,144,89,27,8,93,1241,2,0,-12
Cooper Flagg,DAL,19,40,15,25,1362.8,752,287,601,47.8,39,136,28.7,139,170,81.8,46,204,250,167,87,51,32,91,1465,5,0,-156
Jimmy Butler III,GSW,36,37,22,15,1160.8,743,234,451,51.9,32,84,38.1,243,282,86.2,86,122,208,181,58,53,8,46,1389,3,0,176
Dillon Brooks,PHX,29,35,21,14,1075.5,740,272,603,45.1,87,252,34.5,109,129,84.5,24,90,114,60,71,40,2,123,1022,0,0,-7
Amen Thompson,HOU,22,39,24,15,1444.8,723,277,544,50.9,16,79,20.3,153,192,79.7,113,186,299,197,100,52,20,96,1493,8,0,223
Derrick White,BOS,31,39,24,15,1338.1,716,246,624,39.4,121,369,32.8,103,116,88.8,35,139,174,203,73,50,60,68,1486,1,0,212
CJ McCollum,ATL,34,38,11,27,1161.8,715,262,581,45.1,99,262,37.8,92,120,76.7,24,104,128,137,61,27,10,78,1124,0,0,-153
Jaren Jackson Jr.,MEM,26,38,15,23,1157.8,715,266,552,48.2,64,174,36.8,119,155,76.8,34,176,210,72,85,35,57,145,1266,2,0,-119
Alperen Sengun,HOU,23,32,20,12,1097.3,691,269,530,50.8,21,71,29.6,132,188,70.2,96,198,294,205,105,44,31,107,1471,19,1,181
Nikola Vučević,CHI,35,40,19,21,1229.2,678,280,553,50.6,71,188,37.8,47,59,79.7,86,279,365,149,58,27,24,78,1435,16,0,-101
Onyeka Okongwu,ATL,25,41,18,23,1312.6,667,251,521,48.2,80,222,36.0,85,111,76.6,77,247,324,139,76,48,40,143,1452,10,0,-125
Ryan Rollins,MIL,23,41,17,24,1297.2,665,253,548,46.2,93,236,39.4,66,86,76.7,35,152,187,227,94,60,17,116,1367,1,0,-20
Payton Pritchard,BOS,27,40,25,15,1305.6,664,249,557,44.7,99,295,33.6,67,77,87.0,40,138,178,215,44,35,5,59,1276,4,0,149
Mikal Bridges,NYK,29,41,25,16,1431.1,661,265,523,50.7,94,235,40.0,37,47,78.7,49,138,187,175,41,65,36,79,1410,1,0,164
Evan Mobley,CLE,24,37,21,16,1230.7,660,252,487,51.7,46,139,33.1,110,173,63.6,87,231,318,153,81,36,71,94,1511,15,0,110
Immanuel Quickley,TOR,26,40,24,16,1300.4,660,229,541,42.3,100,288,34.7,102,129,79.1,23,145,168,244,67,46,5,81,1314,4,0,52
De'Aaron Fox,SAS,28,32,22,10,1033.1,653,239,510,46.9,65,194,33.5,110,138,79.7,25,109,134,184,80,41,8,72,1157,3,0,91
Paolo Banchero,ORL,23,31,16,15,1049.2,653,221,484,45.7,31,115,27.0,180,237,75.9,31,242,273,151,88,22,22,69,1251,13,2,-23
Anthony Black,ORL,21,41,23,18,1247.2,649,234,501,46.7,66,184,35.9,115,158,72.8,32,138,170,164,98,54,27,111,1244,2,0,25
Victor Wembanyama,SAS,22,27,18,9,774.5,646,226,438,51.6,43,114,37.7,151,180,83.9,50,245,295,80,77,23,72,75,1328,16,1,230
Chet Holmgren,OKC,23,36,30,6,1041.5,643,242,421,57.5,49,131,37.4,110,141,78.0,65,237,302,56,62,22,69,100,1300,9,0,331
Russell Westbrook,SAC,37,42,12,30,1241.5,633,232,539,43.0,85,238,35.7,84,123,68.3,64,203,267,292,142,56,7,106,1438,13,4,-262
Zion Williamson,NOP,25,28,7,21,818.8,633,233,397,58.7,0,3,0.0,167,235,71.1,63,98,161,98,68,33,16,65,1052,1,0,-126
LaMelo Ball,CHA,24,31,12,19,865.5,632,221,528,41.9,110,290,37.9,80,91,87.9,30,131,161,242,104,36,7,86,1213,7,1,86
Jeremiah Fears,NOP,19,44,10,34,1183.7,625,237,543,43.6,47,143,32.9,104,130,80.0,33,131,164,141,105,54,10,77,1120,0,0,-271
Naz Reid,MIN,26,42,27,15,1119.5,624,233,491,47.5,104,267,39.0,54,69,78.3,48,216,264,102,67,38,37,105,1252,5,0,114
Austin Reaves,LAL,27,23,15,8,811.8,612,189,373,50.7,62,170,36.5,172,197,87.3,16,104,120,144,75,22,5,52,978,6,0,57
Matas Buzelis,CHI,21,41,19,22,1141.0,606,219,459,47.7,72,210,34.3,96,124,77.4,47,167,214,71,69,30,58,106,1164,2,0,-79
Zach LaVine,SAC,30,30,9,21,985.0,597,211,433,48.7,81,203,39.9,94,107,87.9,6,86,92,68,62,20,8,65,831,0,0,-205
Jaden McDaniels,MIN,25,40,25,15,1274.8,591,226,438,51.6,55,133,41.4,84,101,83.2,46,134,180,109,66,45,38,138,1154,0,0,167
Naji Marshall,DAL,27,42,16,26,1210.0,589,216,398,54.3,37,120,30.8,120,153,78.4,36,157,193,117,53,46,4,82,1093,0,0,-110
Jaime Jaquez Jr.,MIA,24,37,20,17,1065.7,587,238,449,53.0,16,62,25.8,95,127,74.8,45,145,190,172,81,29,8,74,1103,4,0,115
Andrew Wiggins,MIA,30,37,18,19,1174.6,584,225,481,46.8,70,174,40.2,64,83,77.1,66,116,182,104,64,44,40,92,1146,0,0,20
Josh Giddey,CHI,23,30,15,15,983.5,577,200,429,46.6,56,145,38.6,121,159,76.1,35,233,268,270,107,28,11,54,1314,19,7,-21
Andrew Nembhard,IND,26,33,7,26,1047.7,575,201,453,44.4,60,165,36.4,113,138,81.9,12,75,87,236,74,31,5,75,1067,5,0,-253
Jalen Duren,DET,22,32,23,9,908.8,571,224,354,63.3,0,0,0.0,123,171,71.9,131,217,348,55,71,29,30,99,1177,19,0,195
Jabari Smith Jr.,HOU,22,38,23,15,1317.9,569,205,482,42.5,81,235,34.5,78,104,75.0,59,204,263,69,52,29,32,106,1119,8,0,182
Ajay Mitchell,OKC,23,40,35,5,1050.3,568,206,426,48.4,45,128,35.2,111,126,88.1,28,112,140,144,58,57,14,86,1107,1,0,375
VJ Edgecombe,PHI,20,36,21,15,1287.3,565,210,490,42.9,81,212,38.2,64,81,79.0,60,130,190,154,64,55,19,117,1182,2,0,72
Anfernee Simons,BOS,26,40,25,15,970.1,564,200,454,44.1,106,262,40.5,58,65,89.2,19,76,95,102,43,18,4,67,854,0,0,169
Santi Aldama,MEM,25,40,17,23,1121.4,564,214,449,47.7,67,191,35.1,69,101,68.3,63,206,269,121,53,36,29,64,1210,5,0,-80
Franz Wagner,ORL,24,25,15,10,827.9,563,193,398,48.5,39,104,37.5,138,168,82.1,40,115,155,90,47,28,9,56,948,0,0,58
Saddiq Bey,NOP,26,37,9,28,1105.4,562,198,445,44.5,60,186,32.3,106,132,80.3,60,151,211,82,21,33,2,41,1022,4,0,-153
Bam Adebayo,MIA,28,33,15,18,1019.1,560,206,453,45.5,45,133,33.8,103,136,75.7,57,257,314,90,60,31,26,59,1183,13,0,100
Donte DiVincenzo,MIN,28,42,27,15,1330.1,556,187,447,41.8,128,338,37.9,54,71,76.1,43,149,192,176,56,54,19,103,1213,1,0,277
Stephon Castle,SAS,21,32,22,10,985.4,554,187,402,46.5,34,123,27.6,146,199,73.4,35,125,160,221,117,40,8,111,1105,7,1,111
Tim Hardaway Jr.,DEN,33,40,27,13,1097.8,553,183,399,45.9,115,278,41.4,72,81,88.9,8,87,95,56,16,20,4,49,807,0,0,129
Keldon Johnson,SAS,26,41,28,13,965.3,550,205,364,56.3,52,126,41.3,88,112,78.6,81,179,260,51,40,29,3,80,995,4,0,96
Collin Gillespie,PHX,26,41,24,17,1154.9,544,192,439,43.7,118,285,41.4,42,50,84.0,42,126,168,198,71,60,11,61,1185,1,0,167
Derik Queen,NOP,21,43,10,33,1119.0,541,209,427,48.9,7,39,17.9,116,148,78.4,76,249,325,185,104,44,41,126,1360,10,2,-164
Toumani Camara,POR,25,42,20,22,1422.8,541,191,459,41.6,106,309,34.3,53,75,70.7,74,141,215,112,88,42,19,136,1062,1,0,-104
Peyton Watson,DEN,23,39,27,12,1145.1,537,194,380,51.1,53,130,40.8,96,129,74.4,38,158,196,72,64,39,39,97,1050,2,0,187
De'Andre Hunter,CLE,28,38,21,17,1022.8,535,183,424,43.2,64,207,30.9,105,120,87.5,25,138,163,85,59,24,6,99,889,0,0,7
Jerami Grant,POR,31,27,12,15,812.1,535,160,367,43.6,66,171,38.6,149,173,86.1,30,77,107,72,58,19,18,81,824,0,0,-71
Quentin Grimes,PHI,25,38,21,17,1200.7,533,171,390,43.8,82,228,36.0,109,126,86.5,25,126,151,143,78,37,18,79,1016,2,0,49
Bobby Portis,MIL,30,41,17,24,954.9,532,212,432,49.1,79,166,47.6,29,39,74.4,53,213,266,55,43,23,7,66,981,6,0,-159
Joel Embiid,PHI,31,22,12,10,648.4,527,178,377,47.2,23,91,25.3,148,173,85.5,45,106,151,72,67,14,26,47,869,4,0,77
Alex Sarr,WAS,20,31,8,23,859.1,525,212,422,50.2,30,87,34.5,71,100,71.0,67,164,231,88,57,23,70,59,1156,9,0,-221
Ivica Zubac,LAC,28,35,12,23,1102.7,520,222,365,60.8,0,0,0.0,76,105,72.4,121,257,378,85,68,14,33,89,1174,19,0,-9
Cedric Coward,MEM,22,37,15,22,987.3,518,185,393,47.1,58,169,34.3,90,106,84.9,56,187,243,107,63,20,13,76,1006,6,0,28
Noah Clowney,BKN,21,39,12,27,1112.7,518,156,401,38.9,83,259,32.0,123,155,79.4,38,123,161,76,70,31,32,110,944,1,0,-54
Jaylon Tyson,CLE,23,38,21,17,1034.9,511,195,372,52.4,77,162,47.5,44,58,75.9,73,128,201,77,52,38,19,111,987,4,0,32
Ayo Dosunmu,CHI,26,35,16,19,909.0,504,186,362,51.4,62,141,44.0,70,81,86.4,23,71,94,123,42,25,8,57,858,0,0,-82
Brandin Podziemski,GSW,22,42,23,19,1118.8,501,178,381,46.7,76,187,40.6,69,91,75.8,28,157,185,132,58,45,7,79,1019,0,0,86
LeBron James,LAL,41,22,13,9,731.1,499,184,358,51.4,36,112,32.1,95,129,73.6,14,114,128,151,58,25,13,31,935,6,0,-19
Reed Sheppard,HOU,21,39,24,15,978.8,499,184,415,44.3,97,237,40.9,34,44,77.3,13,87,100,125,44,56,21,82,994,0,0,199
John Collins,LAC,28,38,15,23,1044.4,496,191,350,54.6,49,119,41.2,65,81,80.2,53,137,190,32,54,34,35,101,925,2,0,23
Kyle Kuzma,MIL,30,39,17,22,1008.5,493,187,371,50.4,36,109,33.0,83,111,74.8,37,143,180,85,61,26,19,89,911,2,0,-149
Dyson Daniels,ATL,22,42,20,22,1434.1,492,218,433,50.3,7,62,11.3,49,79,62.0,90,187,277,255,90,80,19,91,1414,6,1,-5
OG Anunoby,NYK,28,31,19,12,1011.1,492,170,371,45.8,61,175,34.9,91,113,80.5,42,126,168,66,61,51,22,81,951,4,0,112
Myles Turner,MIL,29,40,17,23,1133.0,488,158,377,41.9,88,230,38.3,84,111,75.7,48,163,211,64,39,26,60,106,1056,2,0,-18
Deandre Ayton,LAL,27,35,21,14,1028.0,487,225,331,68.0,0,0,0.0,37,60,61.7,90,214,304,31,57,26,35,84,1024,15,0,-5
Wendell Carter Jr.,ORL,26,39,22,17,1179.6,481,170,333,51.1,45,129,34.9,96,126,76.2,93,206,299,82,51,26,28,144,1074,6,0,58
Devin Vassell,SAS,25,32,23,9,1020.1,480,168,398,42.2,85,224,37.9,59,68,86.8,15,114,129,77,30,29,15,65,852,0,0,145
Kel'el Ware,MIA,21,41,21,20,988.7,478,188,346,54.3,49,117,41.9,53,65,81.5,133,274,407,22,41,36,47,68,1207,14,0,-89
Nic Claxton,BKN,26,37,11,26,1098.9,477,191,329,58.1,2,12,16.7,93,143,65.0,100,183,283,150,57,26,51,84,1216,9,2,-169
Collin Sexton,CHA,27,32,12,20,754.4,476,160,330,48.5,41,107,38.3,115,132,87.1,15,49,64,131,74,25,5,60,765,1,0,-16
Jaylen Wells,MEM,22,40,17,23,1089.4,471,162,404,40.1,67,208,32.2,80,103,77.7,36,104,140,71,45,35,3,82,815,0,0,-91
Darius Garland,CLE,25,26,13,13,792.0,467,170,377,45.1,59,164,36.0,68,79,86.1,12,51,63,180,73,21,3,48,812,4,0,-40
Max Christie,DAL,22,38,14,24,1102.6,466,159,333,47.7,90,204,44.1,58,68,85.3,8,124,132,81,43,18,14,57,799,0,0,-130
Brandon Miller,CHA,23,24,12,12,725.7,465,162,400,40.5,65,187,34.8,76,91,83.5,26,75,101,83,60,24,26,70,801,1,0,35
Julian Champagnie,SAS,24,41,28,13,1162.0,463,148,353,41.9,99,268,36.9,68,81,84.0,41,218,259,60,42,35,17,62,978,7,0,208
Kyshawn George,WAS,22,31,5,26,965.7,463,170,365,46.6,66,169,39.1,57,76,75.0,28,145,173,150,94,31,26,128,973,2,0,-239
Cam Spencer,MEM,25,39,16,23,934.2,462,150,316,47.5,89,194,45.9,73,79,92.4,17,90,107,214,57,29,2,62,947,3,0,70
Harrison Barnes,SAS,33,41,28,13,1173.3,456,156,359,43.5,78,213,36.6,66,76,86.8,32,90,122,90,40,32,5,55,808,0,0,134
Klay Thompson,DAL,35,39,13,26,866.8,456,162,422,38.4,112,303,37.0,20,28,71.4,11,84,95,56,34,16,13,37,707,0,0,-47
Brice Sensabaugh,UTA,22,40,13,27,828.2,455,160,353,45.3,66,197,33.5,69,78,88.5,33,84,117,61,50,28,5,72,736,0,0,-194
P.J. Washington,DAL,27,31,9,22,972.4,454,170,374,45.5,40,129,31.0,74,108,68.5,43,186,229,58,67,32,43,72,974,4,0,-124
RJ Barrett,TOR,25,23,16,7,698.2,451,168,339,49.6,44,124,35.5,71,103,68.9,18,98,116,84,36,19,4,55,749,0,0,46
Rudy Gobert,MIN,33,41,26,15,1300.1,450,186,261,71.3,0,1,0.0,78,154,50.6,161,306,467,74,56,27,68,118,1350,18,0,186
Duncan Robinson,DET,31,37,28,9,1074.1,442,147,336,43.8,105,264,39.8,43,57,75.4,13,89,102,69,25,27,12,83,760,0,0,183
Mark Williams,PHX,24,36,22,14,861.8,440,172,262,65.6,1,1,100.0,95,120,79.2,112,186,298,39,36,39,36,82,1045,10,0,52
Tre Jones,CHI,26,35,17,18,943.4,433,150,281,53.4,19,59,32.2,114,134,85.1,22,80,102,195,48,46,6,51,956,3,0,-83
Brandon Williams,DAL,26,36,14,22,799.5,430,151,342,44.2,17,93,18.3,111,141,78.7,19,84,103,133,69,41,9,63,834,0,0,-5
Royce O'Neale,PHX,32,41,24,17,1208.9,430,150,351,42.7,120,288,41.7,10,17,58.8,29,181,210,120,61,50,13,91,990,1,0,6
Bennedict Mathurin,IND,23,24,5,19,771.5,427,134,317,42.3,53,145,36.6,106,121,87.6,19,113,132,52,57,16,4,69,666,2,0,-190
Sandro Mamukelashvili,TOR,26,41,23,18,875.7,424,162,313,51.8,48,135,35.6,52,67,77.6,62,135,197,76,33,27,24,74,894,2,0,80
Moses Moody,GSW,23,40,21,19,976.3,423,142,341,41.6,87,226,38.5,52,64,81.3,32,89,121,60,38,36,25,81,803,0,0,99
Jock Landale,MEM,30,38,16,22,866.5,418,161,312,51.6,43,109,39.4,53,79,67.1,109,128,237,63,37,20,18,90,874,5,0,-55
Dennis Schröder,SAC,32,32,8,24,865.2,417,142,340,41.8,47,134,35.1,86,107,80.4,17,86,103,183,61,26,5,54,847,2,0,-213
Jarrett Allen,CLE,27,31,18,13,826.2,416,166,278,59.7,1,7,14.3,83,110,75.5,66,177,243,66,49,31,21,60,914,9,0,113
Tre Johnson,WAS,19,33,8,25,805.1,415,151,332,45.5,69,173,39.9,44,48,91.7,15,81,96,65,52,23,11,60,678,0,0,-123
Donovan Clingan,POR,21,38,20,18,1030.8,414,160,299,53.5,34,107,31.8,60,93,64.5,169,238,407,70,38,18,50,93,1173,13,0,-23
Kevin Huerter,CHI,27,36,18,18,859.1,411,157,343,45.8,57,186,30.6,40,52,76.9,18,114,132,85,43,30,21,74,807,0,0,-25
Jordan Clarkson,NYK,33,41,25,16,823.7,409,153,352,43.5,57,169,33.7,46,57,80.7,33,42,75,56,45,19,6,79,613,0,0,13
Anthony Davis,DAL,32,20,10,10,625.6,407,169,334,50.6,10,37,27.0,59,81,72.8,62,159,221,56,41,22,33,42,880,13,0,-50
Zaccharie Risacher,ATL,20,36,17,19,886.5,403,156,338,46.2,57,159,35.8,34,53,64.2,34,85,119,52,33,32,19,80,744,0,0,-11
Jalen Williams,OKC,24,23,17,6,697.8,396,155,331,46.8,16,58,27.6,70,84,83.3,16,96,112,132,46,32,9,51,805,1,0,128
Grayson Allen,PHX,30,24,12,12,708.3,393,133,315,42.2,80,211,37.9,47,56,83.9,15,56,71,85,43,38,9,57,704,0,0,-19
Malik Monk,SAC,27,34,11,23,737.0,393,141,328,43.0,60,148,40.5,51,60,85.0,11,58,69,82,47,24,13,56,663,0,0,-101
Miles McBride,NYK,25,30,19,11,842.4,391,135,304,44.4,91,209,43.5,30,35,85.7,20,57,77,80,25,21,6,57,659,0,0,158
Vít Krejčí,ATL,25,39,18,21,933.1,390,134,282,47.5,97,222,43.7,25,33,75.8,18,71,89,63,29,34,13,95,703,0,0,-24
Jake LaRavia,LAL,24,39,24,15,1073.6,389,140,299,46.8,49,139,35.3,60,80,75.0,63,102,165,78,42,53,15,89,866,1,0,-72
AJ Green,MIL,26,38,16,22,1108.2,387,126,286,44.1,112,258,43.4,23,29,79.3,7,90,97,78,32,24,3,96,669,0,0,37
Ausar Thompson,DET,22,35,25,10,916.4,387,158,312,50.6,5,19,26.3,66,119,55.5,73,130,203,92,55,53,29,100,960,3,0,69
Neemias Queta,BOS,26,38,23,15,938.6,384,168,255,65.9,0,4,0.0,48,80,60.0,117,197,314,52,34,31,47,105,1039,6,0,139
Bub Carrington,WAS,20,40,10,30,1112.8,377,129,324,39.8,78,188,41.5,41,55,74.5,15,138,153,185,87,21,8,95,838,0,0,-340
Kevin Porter Jr.,MIL,25,22,10,12,745.6,377,131,295,44.4,38,106,35.8,77,92,83.7,17,93,110,164,72,48,9,46,854,6,1,-42
Jarace Walker,IND,22,42,10,32,966.5,376,125,341,36.7,65,182,35.7,61,76,80.3,18,159,177,80,62,27,14,69,769,0,0,-219
Jordan Poole,NOP,26,25,8,17,644.5,376,114,302,37.7,67,192,34.9,81,90,90.0,6,35,41,79,49,17,9,62,573,0,0,-118
Josh Hart,NYK,30,31,20,11,948.6,376,141,288,49.0,49,124,39.5,45,57,78.9,51,187,238,163,67,40,10,79,989,8,1,67
Jay Huff,IND,28,42,10,32,845.1,373,137,291,47.1,59,186,31.7,40,48,83.3,43,118,161,55,36,19,90,103,940,1,0,-138
Caleb Love,POR,24,34,16,18,734.6,370,135,348,38.8,70,213,32.9,30,41,73.2,18,75,93,84,40,19,4,44,637,0,0,-127
Kyle Filipowski,UTA,22,40,14,26,878.0,368,138,300,46.0,32,104,30.8,60,86,69.8,62,178,240,78,49,26,19,107,859,2,0,-119
Paul George,PHI,35,23,13,10,686.0,365,125,299,41.8,54,146,37.0,61,71,85.9,13,107,120,84,40,31,12,49,724,1,0,82
Egor Dëmin,BKN,19,35,12,23,866.2,364,124,307,40.4,85,215,39.5,31,37,83.8,17,91,108,122,62,32,12,62,747,0,0,-21
Isaiah Stewart,DET,24,35,26,9,827.1,359,138,258,53.5,31,85,36.5,52,72,72.2,66,130,196,38,44,9,72,107,850,2,0,42
Coby White,CHI,25,20,10,10,566.7,357,117,262,44.7,41,131,31.3,82,105,78.1,5,67,72,92,62,14,1,46,564,0,0,10
Rui Hachimura,LAL,27,29,20,9,913.0,354,138,268,51.5,51,117,43.6,27,36,75.0,22,83,105,25,24,16,7,52,563,0,0,-13
Aaron Gordon,DEN,30,19,14,5,528.6,351,121,235,51.5,37,90,41.1,72,89,80.9,29,88,117,34,22,12,4,33,568,2,0,149
Tristan da Silva,ORL,24,36,21,15,835.0,351,131,295,44.4,57,148,38.5,32,38,84.2,30,99,129,43,33,31,7,48,651,0,0,11
Maxime Raynaud,SAC,22,34,11,23,801.3,349,149,266,56.0,8,26,30.8,43,61,70.5,63,156,219,40,35,14,17,89,730,6,0,-194
Davion Mitchell,MIA,27,38,21,17,1122.0,347,140,293,47.8,43,108,39.8,24,39,61.5,13,82,95,279,65,45,4,106,962,4,0,134
Jalen Suggs,ORL,24,23,14,9,583.7,346,121,257,47.1,44,133,33.1,60,70,85.7,17,67,84,107,61,43,12,69,711,0,0,127
Ace Bailey,UTA,19,34,12,22,801.5,342,136,312,43.6,46,137,33.6,24,34,70.6,50,60,110,54,40,25,14,81,632,0,0,-165
Ja Morant,MEM,26,18,6,12,510.2,342,118,294,40.1,16,77,20.8,90,100,90.0,7,51,58,136,64,18,3,34,615,6,0,-77
Marvin Bagley III,WAS,26,34,9,25,659.4,339,136,220,61.8,7,18,38.9,60,82,73.2,83,107,190,50,38,18,23,72,727,3,0,-79
Jordan Goodwin,PHX,27,38,23,15,828.7,336,128,327,39.1,57,169,33.7,23,32,71.9,74,109,183,85,45,54,8,66,824,1,0,71
Jusuf Nurkić,UTA,31,32,11,21,830.0,334,133,263,50.6,18,50,36.0,50,90,55.6,88,232,320,138,78,45,14,103,1024,11,0,-103
Sam Merrill,CLE,29,24,16,8,618.5,331,108,230,47.0,85,187,45.5,30,34,88.2,16,41,57,56,22,17,3,68,521,0,0,82
Gary Trent Jr.,MIL,26,39,16,23,961.4,330,113,298,37.9,77,215,35.8,27,33,81.8,5,44,49,62,24,26,2,56,542,0,0,-255
Kris Dunn,LAC,31,41,18,23,1115.8,330,124,254,48.8,47,125,37.6,35,44,79.5,33,84,117,126,55,64,6,97,814,0,0,-70
Quinten Post,GSW,25,42,23,19,752.1,330,124,289,42.9,64,191,33.5,18,22,81.8,38,121,159,59,33,21,22,82,705,0,0,100
Cameron Johnson,DEN,29,28,20,8,857.0,327,113,245,46.1,54,126,42.9,47,58,81.0,20,80,100,66,27,17,8,63,594,1,0,196
Dylan Harper,SAS,19,31,22,9,663.0,327,129,302,42.7,20,81,24.7,49,67,73.1,25,74,99,109,45,30,5,61,669,0,0,58
Tobias Harris,DET,33,24,16,8,659.7,325,117,255,45.9,31,95,32.6,60,70,85.7,26,86,112,59,23,19,6,47,600,0,0,37
Kentavious Caldwell-Pope,MEM,32,39,17,22,823.8,324,111,274,40.5,48,138,34.8,54,58,93.1,16,78,94,115,49,31,8,39,677,0,0,-60
Jalen Smith,CHI,25,34,19,15,635.5,318,114,250,45.6,47,139,33.8,43,56,76.8,68,161,229,45,31,12,31,64,758,6,0,61
Svi Mykhailiuk,UTA,28,35,12,23,867.2,316,118,253,46.6,65,169,38.5,15,17,88.2,27,64,91,71,28,17,3,47,564,0,0,-55
Isaiah Joe,OKC,26,33,27,6,635.7,315,96,220,43.6,73,179,40.8,50,57,87.7,16,66,82,42,20,17,6,53,525,0,0,105
Ronald Holland II,DET,20,37,27,10,777.3,313,114,277,41.2,24,101,23.8,61,78,78.2,40,121,161,51,53,50,13,79,719,0,0,118
Sam Hauser,BOS,28,39,25,14,883.4,312,106,271,39.1,91,238,38.2,9,10,90.0,27,112,139,50,22,23,12,47,637,0,0,112
Jamal Shead,TOR,23,43,25,18,943.8,310,103,282,36.5,50,155,32.3,54,69,78.3,15,63,78,242,58,42,6,92,853,1,0,93
Moussa Diabaté,CHA,23,38,14,24,928.6,310,118,189,62.4,0,0,0.0,74,111,66.7,141,177,318,56,34,29,38,97,943,10,0,47
Cam Thomas,BKN,24,17,4,13,427.8,308,101,246,41.1,32,90,35.6,74,86,86.0,6,23,29,46,33,4,2,26,397,0,0,-82
Day'Ron Sharpe,BKN,24,38,12,26,679.9,305,118,193,61.1,6,28,21.4,63,94,67.0,91,149,240,89,58,37,18,83,834,2,0,-10
Aaron Nesmith,IND,26,22,5,17,663.8,302,98,272,36.0,57,157,36.3,49,61,80.3,33,77,110,45,27,16,12,59,559,0,0,-71
Pelle Larsson,MIA,24,33,19,14,744.2,301,105,228,46.1,33,99,33.3,58,77,75.3,19,70,89,102,32,18,8,61,607,0,0,13
Simone Fontecchio,MIA,30,38,19,19,613.2,300,95,247,38.5,63,175,36.0,47,58,81.0,19,84,103,52,32,17,5,52,536,0,0,-11
Draymond Green,GSW,35,35,20,15,941.3,299,108,254,42.5,51,153,33.3,32,47,68.1,25,181,206,183,100,31,26,110,892,1,0,65
T.J. McConnell,IND,33,30,9,21,521.2,297,137,255,53.7,11,33,33.3,12,13,92.3,13,56,69,152,37,35,6,34,694,0,0,-40
Cason Wallace,OKC,22,40,33,7,1069.1,293,111,270,41.1,54,152,35.5,17,22,77.3,34,87,121,84,36,86,9,80,813,0,0,368
Aaron Wiggins,OKC,27,29,23,6,660.1,292,111,252,44.0,51,134,38.1,19,27,70.4,18,74,92,49,31,21,19,43,565,0,0,156
Bruce Brown,DEN,29,41,28,13,1012.2,291,113,250,45.2,19,60,31.7,46,60,76.7,47,126,173,88,43,40,9,97,735,1,0,-45
Kristaps Porziņģis,ATL,30,17,9,8,413.1,291,96,210,45.7,31,86,36.0,68,81,84.0,21,66,87,46,16,9,22,54,541,1,0,49
Luke Kennard,ATL,29,37,18,19,756.7,288,101,195,51.8,58,123,47.2,28,30,93.3,14,54,68,83,29,29,2,44,558,0,0,12
Isaac Okoro,CHI,24,33,18,15,832.6,284,106,224,47.3,35,104,33.7,37,48,77.1,37,53,90,49,21,20,17,88,556,0,0,-86
Isaiah Collier,UTA,21,33,11,22,765.3,284,104,207,50.2,14,45,31.1,62,92,67.4,13,64,77,223,76,23,11,74,737,4,0,-271
Gradey Dick,TOR,22,43,25,18,694.9,282,98,234,41.9,38,124,30.6,48,57,84.2,25,69,94,31,21,28,5,61,519,1,0,86
Marcus Smart,LAL,31,30,18,12,856.9,282,91,231,39.4,46,153,30.1,54,59,91.5,20,74,94,89,51,43,11,83,639,0,0,70
Javonte Green,DET,32,39,29,10,771.1,280,95,219,43.4,41,119,34.5,49,63,77.8,29,79,108,32,27,55,14,62,638,1,0,74
Jonas Valančiūnas,DEN,33,33,23,10,438.4,280,115,194,59.3,3,12,25.0,47,61,77.0,44,110,154,41,37,7,20,67,570,1,0,-47
Jose Alvarado,NOP,27,35,8,27,775.9,277,101,238,42.4,56,155,36.1,19,23,82.6,13,85,98,114,45,35,4,72,638,0,0,-48
Keegan Murray,SAC,25,19,4,15,683.0,277,111,259,42.9,25,92,27.2,30,38,78.9,30,86,116,29,22,23,30,37,597,2,0,-128
Collin Murray-Boyles,TOR,20,36,20,16,771.2,276,114,215,53.0,15,43,34.9,33,52,63.5,92,90,182,68,41,32,23,96,720,3,0,9
Luke Kornet,SAS,30,33,23,10,808.7,273,105,157,66.9,0,0,0.0,63,76,82.9,102,124,226,64,16,14,41,70,789,3,0,55
Precious Achiuwa,SAC,26,35,10,25,733.9,271,111,219,50.7,14,41,34.1,35,68,51.5,68,126,194,41,20,30,21,58,698,3,0,-103
Isaiah Hartenstein,OKC,27,24,19,5,644.5,269,116,180,64.4,0,4,0.0,37,57,64.9,81,168,249,71,50,27,18,69,759,8,0,175
Terance Mann,BKN,29,35,10,25,901.2,269,98,219,44.7,29,89,32.6,44,54,81.5,47,72,119,127,36,28,10,93,680,0,0,-95
Luguentz Dort,OKC,26,32,26,6,855.1,268,94,240,39.2,59,178,33.1,21,23,91.3,26,91,117,33,23,29,19,98,579,0,0,210
Sion James,CHA,23,41,15,26,1040.5,268,83,205,40.5,46,123,37.4,56,65,86.2,23,120,143,79,33,25,17,73,651,0,0,-44
Will Richard,GSW,23,37,22,15,690.9,267,94,186,50.5,44,114,38.6,35,43,81.4,35,57,92,40,29,35,3,67,522,0,0,6
Justin Champagnie,WAS,24,38,9,29,687.7,265,103,207,49.8,23,73,31.5,36,50,72.0,80,134,214,40,18,26,22,64,708,2,0,-199
D'Angelo Russell,DAL,29,26,9,17,494.8,264,94,232,40.5,33,112,29.5,43,60,71.7,8,53,61,104,49,12,2,30,486,1,0,-41
Ziaire Williams,BKN,24,29,10,19,653.8,264,83,204,40.7,46,147,31.3,52,60,86.7,17,53,70,19,29,33,15,58,492,0,0,-145
Walter Clayton Jr.,UTA,22,36,12,24,643.5,263,86,208,41.3,40,120,33.3,51,53,96.2,11,61,72,118,42,20,8,66,568,0,0,-80
Khris Middleton,WAS,34,27,9,18,651.1,258,97,224,43.3,22,73,30.1,42,52,80.8,24,81,105,88,44,21,8,75,559,2,0,-104
Nikola Jović,MIA,22,30,15,15,585.8,256,84,218,38.5,34,114,29.8,54,72,75.0,16,100,116,83,55,21,13,53,567,0,0,14
Patrick Williams,CHI,24,39,17,22,719.2,254,88,235,37.4,50,126,39.7,28,41,68.3,25,90,115,47,34,28,10,47,543,0,0,-161
Bilal Coulibaly,WAS,21,25,7,18,664.4,253,82,209,39.2,24,88,27.3,65,85,76.5,23,94,117,62,40,36,23,72,623,0,0,-171
Buddy Hield,GSW,33,35,17,18,586.2,252,93,224,41.5,48,148,32.4,18,20,90.0,22,63,85,48,36,28,3,44,483,0,0,-99
Dru Smith,MIA,28,41,21,20,685.8,251,86,200,43.0,28,84,33.3,51,63,81.0,29,67,96,106,39,61,12,66,705,0,0,-34
Tari Eason,HOU,24,21,13,8,497.8,251,95,199,47.7,45,96,46.9,16,25,64.0,40,85,125,33,34,24,13,43,528,2,0,94
Ryan Kalkbrenner,CHA,24,29,11,18,716.6,249,106,137,77.4,0,2,0.0,37,51,72.5,74,108,182,17,31,18,49,50,663,2,0,-79
Dominick Barlow,PHI,22,30,17,13,723.9,243,97,177,54.8,12,45,26.7,37,47,78.7,62,90,152,39,29,24,23,66,596,1,0,6
Luka Garza,BOS,27,32,20,12,533.5,243,88,144,61.1,22,44,50.0,45,56,80.4,79,60,139,30,13,12,16,82,526,1,0,67
Daniss Jenkins,DET,24,32,24,8,514.0,242,87,202,43.1,31,78,39.7,37,46,80.4,18,39,57,104,43,28,4,40,519,1,0,82
Kelly Oubre Jr.,PHI,30,18,10,8,568.4,242,89,188,47.3,29,86,33.7,35,44,79.5,19,67,86,20,26,20,14,48,451,2,0,-7
Tyler Herro,MIA,25,11,4,7,348.6,241,90,181,49.7,24,67,35.8,37,41,90.2,6,46,52,30,17,11,5,22,379,0,0,-37
Tyrese Martin,BKN,26,31,8,23,607.2,240,89,224,39.7,45,132,34.1,17,24,70.8,29,63,92,66,31,21,4,30,493,0,0,-115
Andre Drummond,PHI,32,34,19,15,679.3,239,92,183,50.3,17,45,37.8,38,58,65.5,114,185,299,26,28,19,29,69,753,11,0,-20
Caris LeVert,DET,31,29,21,8,574.5,234,83,188,44.1,34,92,37.0,34,51,66.7,8,44,52,83,41,26,18,39,512,0,0,39
Jrue Holiday,POR,35,15,7,8,458.4,232,85,196,43.4,36,101,35.6,26,32,81.3,20,57,77,110,40,23,3,27,527,4,0,23
Ryan Dunn,PHX,23,34,20,14,732.9,228,91,204,44.6,28,91,30.8,18,26,69.2,56,103,159,61,37,33,18,83,626,1,0,34
Daniel Gafford,DAL,27,29,8,21,601.9,227,88,140,62.9,0,0,0.0,51,67,76.1,58,130,188,24,39,23,38,75,633,3,0,-62
Ja'Kobe Walter,TOR,21,37,23,14,654.3,227,78,181,43.1,44,120,36.7,27,36,75.0,26,52,78,32,19,32,6,72,464,0,0,-119
Goga Bitadze,ORL,26,37,21,16,625.5,225,93,137,67.9,2,10,20.0,37,51,72.5,81,114,195,47,20,30,45,85,735,1,0,13
Sidy Cissoko,POR,21,37,17,20,773.7,223,74,191,38.7,41,122,33.6,34,47,72.3,32,49,81,56,40,25,9,99,466,0,0,-21
Bones Hyland,MIN,25,33,22,11,462.0,222,80,179,44.7,39,110,35.5,23,32,71.9,6,39,45,86,26,17,7,54,451,0,0,126
Ryan Nembhard,DAL,22,29,13,16,596.1,221,93,201,46.3,28,73,38.4,7,9,77.8,6,50,56,153,45,6,0,44,491,3,0,-33
Oso Ighodaro,PHX,23,41,24,17,806.5,220,97,158,61.4,0,1,0.0,26,55,47.3,55,123,178,73,47,41,23,106,688,0,0,115
Brook Lopez,LAC,37,34,17,17,577.7,219,74,205,36.1,51,151,33.8,20,24,83.3,13,77,90,30,26,14,32,57,484,0,0,-29
Spencer Jones,DEN,24,36,25,11,799.8,219,79,155,51.0,35,90,38.9,26,41,63.4,42,62,104,34,23,32,14,103,510,0,0,46
Herbert Jones,NOP,27,23,7,16,651.1,218,80,203,39.4,32,96,33.3,26,32,81.3,25,59,84,52,30,38,7,75,502,0,0,-64
Jordan Walsh,BOS,21,35,23,12,682.4,218,83,147,56.5,27,61,44.3,25,31,80.6,51,116,167,31,19,33,17,82,596,2,0,65
Bryce McGowens,NOP,23,28,6,22,549.5,216,72,150,48.0,24,53,45.3,48,64,75.0,9,48,57,37,15,17,3,52,385,0,0,-75
Kobe Sanders,LAC,23,33,16,17,672.6,216,77,175,44.0,31,83,37.3,31,36,86.1,15,62,77,48,44,21,4,74,411,0,0,17
Josh Okogie,HOU,27,39,24,15,764.3,215,75,175,42.9,35,93,37.6,30,43,69.8,45,65,110,36,30,38,7,61,506,0,0,50
Tre Mann,CHA,24,26,10,16,456.5,213,81,217,37.3,36,112,32.1,15,17,88.2,18,47,65,60,37,14,3,49,395,0,0,-105
Isaiah Jackson,IND,24,29,6,23,529.6,212,83,142,58.5,0,0,0.0,46,62,74.2,73,98,171,24,33,21,24,87,555,5,0,-75
Jonathan Kuminga,GSW,23,18,9,9,445.6,212,78,181,43.1,16,50,32.0,40,54,74.1,28,83,111,46,44,5,6,31,403,1,0,-50
Jaden Ivey,DET,23,24,16,8,404.6,207,77,165,46.7,27,76,35.5,26,32,81.3,14,38,52,42,22,13,7,31,370,0,0,57
Kris Murray,POR,25,34,14,20,874.2,207,78,175,44.6,20,78,25.6,31,42,73.8,61,75,136,42,31,40,14,68,564,0,0,-61
Tristan Vukcevic,WAS,22,30,5,25,342.4,207,70,154,45.5,12,60,20.0,55,72,76.4,17,54,71,29,30,8,20,37,390,0,0,-123
Keon Ellis,SAC,26,39,10,29,675.1,206,71,185,38.4,45,126,35.7,19,30,63.3,14,38,52,23,19,44,19,63,473,0,0,-205
Jakob Poeltl,TOR,30,21,13,8,531.1,204,88,127,69.3,0,0,0.0,28,47,59.6,57,105,162,45,33,16,11,66,514,2,0,-10
Nique Clifford,SAC,23,38,11,27,706.8,204,77,190,40.5,27,86,31.4,23,34,67.6,25,84,109,48,43,23,9,76,460,0,0,-98
Vince Williams Jr.,MEM,25,26,12,14,567.6,204,70,198,35.4,35,115,30.4,29,35,82.9,21,87,108,126,52,19,13,56,567,1,0,56
Jaxson Hayes,LAL,25,32,20,12,562.9,203,82,107,76.6,1,1,100.0,38,58,65.5,47,81,128,28,17,12,18,66,472,0,0,-59
Domantas Sabonis,SAC,29,12,3,9,386.3,202,79,151,52.3,4,21,19.0,40,56,71.4,37,104,141,46,32,14,3,46,459,9,0,-145
Jaden Hardy,DAL,23,29,9,20,361.1,200,66,167,39.5,40,109,36.7,28,33,84.8,10,31,41,22,23,7,2,36,286,0,0,46
Ben Sheppard,IND,24,31,8,23,724.9,199,71,189,37.6,36,114,31.6,21,27,77.8,22,90,112,57,17,18,3,58,465,0,0,-144
Corey Kispert,ATL,26,22,3,19,422.4,198,66,139,47.5,34,90,37.8,32,42,76.2,7,41,48,36,19,10,3,23,330,0,0,-77
Nae'Qwan Tomlin,CLE,25,32,19,13,498.8,198,78,163,47.9,14,58,24.1,28,39,71.8,40,54,94,25,11,22,23,62,472,0,0,54
Dean Wade,CLE,29,34,19,15,770.0,197,67,169,39.6,41,126,32.5,22,30,73.3,28,109,137,54,9,24,13,57,544,0,0,7
Nicolas Batum,LAC,37,40,18,22,816.0,195,63,154,40.9,60,146,41.1,9,11,81.8,16,88,104,31,25,32,18,70,491,0,0,-32
Yves Missi,NOP,21,36,7,29,656.2,195,83,152,54.6,0,1,0.0,29,49,59.2,104,92,196,41,28,12,46,58,638,2,0,-36
Mouhamed Gueye,ATL,23,41,19,22,662.5,194,76,169,45.0,20,73,27.4,22,35,62.9,48,97,145,39,24,33,25,72,577,2,0,24
Cam Whitmore,WAS,21,21,3,18,354.0,193,77,169,45.6,16,56,28.6,23,31,74.2,19,39,58,15,18,15,8,25,336,0,0,-152
Trae Young,WAS,27,10,2,8,280.1,193,56,135,41.5,18,59,30.5,63,73,86.3,0,15,15,89,26,10,1,20,352,3,0,-37
Danny Wolf,BKN,21,25,9,16,484.4,190,68,173,39.3,28,77,36.4,26,32,81.3,27,80,107,46,26,17,9,42,439,1,0,-35
Gary Payton II,GSW,33,39,21,18,492.6,190,86,160,53.8,11,44,25.0,7,12,58.3,45,84,129,65,32,22,13,59,515,1,0,-43
Jared McCain,PHI,21,30,16,14,517.9,190,69,195,35.4,30,93,32.3,22,25,88.0,4,62,66,48,23,22,1,36,387,0,0,28
Alex Caruso,OKC,31,30,25,5,553.9,188,69,160,43.1,30,97,30.9,20,22,90.9,18,68,86,64,24,42,12,37,525,0,0,241
Cole Anthony,MIL,25,29,11,18,427.1,187,79,184,42.9,16,55,29.1,13,22,59.1,12,62,74,103,54,18,9,58,457,0,0,-62
Josh Minott,BOS,23,29,19,10,510.4,184,66,131,50.4,32,73,43.8,20,26,76.9,39,76,115,32,18,24,11,49,457,1,0,27
Mike Conley,MIN,38,36,24,12,670.0,182,53,148,35.8,39,111,35.1,37,42,88.1,13,49,62,107,22,21,7,54,479,0,0,24
Steven Adams,HOU,32,31,20,11,702.9,182,68,136,50.0,0,0,0.0,46,79,58.2,140,126,266,46,34,22,20,54,662,3,0,184
Drake Powell,BKN,20,29,9,20,543.8,181,65,143,45.5,21,68,30.9,30,34,88.2,6,41,47,48,29,17,5,43,346,0,0,-95
Tyler Kolek,NYK,24,36,21,15,489.5,180,73,169,43.2,24,73,32.9,10,15,66.7,13,60,73,106,35,15,3,53,446,2,0,50
Aaron Holiday,HOU,29,30,20,10,419.8,179,58,145,40.0,38,100,38.0,25,29,86.2,4,21,25,30,21,13,4,41,284,0,0,3
Craig Porter Jr.,CLE,25,38,23,15,667.0,178,72,153,47.1,20,51,39.2,14,24,58.3,58,79,137,116,32,37,23,41,664,0,0,65
Derrick Jones Jr.,LAC,28,17,7,10,411.2,176,65,117,55.6,22,55,40.0,24,31,77.4,15,30,45,20,14,13,18,35,339,0,0,-30
Paul Reed,DET,26,30,21,9,367.2,176,76,129,58.9,7,20,35.0,17,30,56.7,58,71,129,38,30,27,19,49,496,2,0,58
De'Anthony Melton,GSW,27,17,11,6,351.6,174,62,150,41.3,23,76,30.3,27,34,79.4,10,32,42,30,22,24,10,39,349,0,0,126
Robert Williams III,POR,28,29,14,15,460.4,173,78,108,72.2,3,11,27.3,14,20,70.0,58,121,179,30,18,18,37,35,580,1,0,-42
Dalton Knecht,LAL,24,34,20,14,442.7,169,65,150,43.3,28,90,31.1,11,16,68.8,11,44,55,13,16,8,9,36,290,0,0,-43
Jaylen Clark,MIN,24,39,26,13,551.5,166,58,135,43.0,17,57,29.8,33,51,64.7,36,41,77,22,14,31,6,59,388,0,0,62
Kevin Love,UTA,37,23,8,15,398.8,166,54,134,40.3,34,96,35.4,24,30,80.0,36,89,125,43,17,7,7,43,406,2,0,-102
Will Riley,WAS,19,32,9,23,434.0,165,60,141,42.6,13,51,25.5,32,38,84.2,24,39,63,39,27,13,4,24,323,0,0,-145
Jase Richardson,ORL,20,28,13,15,329.8,164,61,121,50.4,21,49,42.9,21,30,70.0,14,25,39,36,17,8,2,27,278,0,0,17
Micah Peavy,NOP,24,36,6,30,562.7,164,69,179,38.5,15,64,23.4,11,15,73.3,30,46,76,40,11,22,5,63,385,0,0,-84
Jaylin Williams,OKC,23,28,26,2,511.4,163,51,141,36.2,33,113,29.2,28,39,71.8,15,120,135,67,26,18,15,56,499,1,0,221
Tidjane Salaün,CHA,20,26,11,15,419.0,161,58,117,49.6,26,62,41.9,19,27,70.4,17,89,106,22,19,11,6,40,353,0,0,42
Ochai Agbaji,TOR,25,34,19,15,549.7,158,61,143,42.7,12,55,21.8,24,27,88.9,25,56,81,26,13,15,9,65,353,0,0,-7
Drew Eubanks,SAC,28,30,7,23,419.9,157,66,110,60.0,1,4,25.0,24,43,55.8,25,57,82,8,25,12,19,41,335,0,0,-107
Jalen Pickett,DEN,26,26,18,8,437.2,156,60,129,46.5,31,70,44.3,5,5,100.0,12,53,65,61,20,8,3,24,339,0,0,5
Karlo Matković,NOP,24,31,9,22,389.0,155,67,108,62.0,13,32,40.6,8,15,53.3,25,73,98,23,17,8,24,45,386,0,0,-85
Asa Newell,ATL,20,31,17,14,330.2,154,60,108,55.6,24,54,44.4,10,19,52.6,26,35,61,18,16,11,10,51,301,1,0,4
Justin Edwards,PHI,22,31,19,12,461.2,154,54,144,37.5,31,95,32.6,15,17,88.2,15,34,49,36,21,21,7,49,330,0,0,-106
Taylor Hendricks,UTA,22,29,8,21,448.7,154,54,115,47.0,23,62,37.1,23,30,76.7,27,64,91,21,16,13,8,36,342,0,0,-177
Al Horford,GSW,39,23,13,10,444.5,153,54,141,38.3,35,100,35.0,10,10,100.0,23,88,111,47,22,18,24,25,461,0,0,-40
Pat Spencer,GSW,29,27,16,11,384.5,153,58,145,40.0,16,44,36.4,21,24,87.5,19,36,55,81,25,18,1,32,373,1,0,1
Jarred Vanderbilt,LAL,26,30,18,12,596.2,152,57,121,47.1,16,52,30.8,22,31,71.0,52,105,157,39,36,24,9,59,462,1,0,-57
Jabari Walker,PHI,23,38,21,17,478.5,151,53,126,42.1,13,54,24.1,32,44,72.7,48,77,125,20,17,9,11,65,374,1,0,5
Jordan Miller,LAC,25,20,13,7,347.3,151,53,100,53.0,18,41,43.9,27,33,81.8,15,43,58,30,15,11,3,14,293,1,0,12
Branden Carlson,OKC,26,30,25,5,327.1,150,61,115,53.0,19,54,35.2,9,17,52.9,17,58,75,18,11,6,15,28,319,1,0,6
Zach Edey,MEM,23,11,7,4,283.9,150,62,98,63.3,1,5,20.0,25,32,78.1,43,79,122,12,26,7,21,37,372,5,0,113
Keaton Wallace,ATL,26,35,18,17,426.6,146,54,127,42.5,33,80,41.3,5,10,50.0,2,42,44,77,22,20,4,36,364,0,0,-64
Jamaree Bouyea,PHX,26,19,11,8,279.6,145,59,105,56.2,16,39,41.0,11,16,68.8,10,29,39,33,7,12,7,14,291,0,0,21
Landry Shamet,NYK,28,16,9,7,330.3,145,44,100,44.0,30,73,41.1,27,34,79.4,7,23,30,18,7,7,3,20,231,0,0,-4
Lonzo Ball,CLE,28,29,15,14,631.0,145,48,157,30.6,35,129,27.1,14,20,70.0,25,92,117,123,44,37,8,37,561,0,0,41
Jordan Hawkins,NOP,23,34,6,28,479.8,144,52,163,31.9,27,91,29.7,13,17,76.5,13,46,59,24,20,5,7,21,267,0,0,-94
Quenton Jackson,IND,27,19,5,14,296.0,144,46,99,46.5,14,37,37.8,38,49,77.6,8,30,38,36,21,12,3,31,268,1,0,57
Tyrese Proctor,CLE,21,29,18,11,308.3,143,49,133,36.8,26,83,31.3,19,23,82.6,5,32,37,37,13,10,0,28,260,0,0,-58
Thomas Bryant,CLE,28,30,16,14,279.3,142,51,98,52.0,16,47,34.0,24,29,82.8,23,55,78,13,10,7,12,34,302,0,0,-38
Cody Williams,UTA,21,28,8,20,454.5,141,60,135,44.4,10,50,20.0,11,19,57.9,17,36,53,21,10,9,8,43,277,0,0,-104
Hugo González,BOS,19,35,22,13,522.3,138,56,115,48.7,17,49,34.7,9,17,52.9,31,85,116,22,21,22,10,67,385,1,0,186
GG Jackson,MEM,21,20,8,12,299.9,134,48,108,44.4,16,56,28.6,22,29,75.9,7,48,55,14,18,16,7,28,272,0,0,6
Christian Braun,DEN,24,14,10,4,404.0,133,51,111,45.9,7,33,21.2,24,32,75.0,20,39,59,35,17,9,6,29,284,0,0,93
Nick Smith Jr.,LAL,21,21,11,10,288.4,132,50,118,42.4,26,65,40.0,6,10,60.0,2,16,18,24,16,8,2,22,204,0,0,-8
Trendon Watford,PHI,25,19,8,11,321.6,132,50,93,53.8,8,20,40.0,24,30,80.0,17,54,71,59,22,6,4,41,314,1,1,8
Jalen Wilson,BKN,25,26,5,21,354.4,130,41,107,38.3,25,71,35.2,23,29,79.3,4,24,28,12,12,9,2,31,203,0,0,-82
Mitchell Robinson,NYK,27,28,17,11,542.5,130,56,84,66.7,0,0,0.0,18,45,40.0,135,117,252,31,19,25,32,63,631,1,0,59
Trayce Jackson-Davis,GSW,25,29,16,13,356.8,130,52,89,58.4,0,0,0.0,26,44,59.1,45,61,106,28,14,9,18,35,366,0,0,-34
Tyus Jones,ORL,29,41,23,18,672.0,130,49,141,34.8,26,91,28.6,6,6,100.0,7,37,44,99,11,31,3,23,422,0,0,-74
Noah Penda,ORL,21,26,13,13,367.3,129,47,106,44.3,18,41,43.9,17,29,58.6,44,64,108,31,20,13,12,34,360,2,0,9
Tony Bradley,IND,28,34,8,26,374.3,129,49,90,54.4,0,1,0.0,31,42,73.8,53,41,94,19,14,4,7,57,289,0,0,-98
Bogdan Bogdanović,LAC,33,16,5,11,360.1,128,44,117,37.6,24,72,33.3,16,19,84.2,5,41,46,43,19,8,1,40,256,0,0,-5
Johnny Furphy,IND,21,24,7,17,405.8,128,49,95,51.6,17,47,36.2,13,26,50.0,20,72,92,18,15,13,4,41,301,1,0,-32
Adem Bona,PHI,22,31,18,13,522.7,125,43,74,58.1,2,5,40.0,37,55,67.3,54,64,118,8,21,10,43,64,417,0,0,11
Jett Howard,ORL,22,27,14,13,290.1,125,43,117,36.8,24,73,32.9,15,16,93.8,10,29,39,23,6,4,4,26,224,0,0,9
Gui Santos,GSW,23,33,18,15,371.6,123,43,92,46.7,21,58,36.2,16,24,66.7,26,52,78,33,25,15,6,41,304,0,0,57
Kenrich Williams,OKC,31,22,17,5,304.7,123,49,94,52.1,19,48,39.6,6,13,46.2,17,46,63,31,12,14,2,24,281,0,0,76
Clint Capela,HOU,31,34,21,13,385.9,122,55,101,54.5,0,0,0.0,12,24,50.0,82,69,151,18,16,18,22,29,434,0,0,16
Zeke Nnaji,DEN,25,28,21,7,348.3,121,40,80,50.0,10,32,31.3,31,38,81.6,15,51,66,14,13,13,12,33,283,1,0,-82
Rob Dillingham,MIN,21,32,20,12,312.0,116,45,133,33.8,11,31,35.5,15,20,75.0,5,34,39,57,32,17,3,36,276,0,0,-37
Liam McNeeley,CHA,20,27,9,18,335.9,115,34,86,39.5,22,58,37.9,25,31,80.6,11,48,59,23,12,5,3,35,232,0,0,22
Jeremy Sochan,SAS,22,26,17,9,350.4,114,47,98,48.0,9,35,25.7,11,16,68.8,26,47,73,28,18,10,4,50,268,0,0,-89
Kyle Anderson,UTA,32,14,3,11,284.0,110,44,85,51.8,2,3,66.7,20,31,64.5,15,38,53,42,13,19,6,31,299,0,0,-62
Jevon Carter,CHI,30,19,5,14,226.8,108,35,88,39.8,28,66,42.4,10,10,100.0,5,16,21,18,10,11,0,15,183,0,0,-71
Guerschon Yabusele,NYK,30,34,21,13,325.6,106,39,99,39.4,20,63,31.7,8,12,66.7,20,54,74,15,14,3,4,33,224,0,0,-17
Jamison Battle,TOR,24,30,18,12,258.0,103,40,71,56.3,18,40,45.0,5,8,62.5,9,35,44,11,12,5,1,22,178,0,0,105
Jonathan Isaac,ORL,28,34,19,15,353.2,102,35,78,44.9,6,30,20.0,26,43,60.5,29,65,94,9,10,13,18,27,311,0,0,-15
Terrence Shannon Jr.,MIN,25,22,14,8,282.0,100,32,81,39.5,15,37,40.5,21,27,77.8,6,22,28,14,15,7,1,29,164,0,0,-82
Malaki Branham,WAS,22,24,5,19,230.1,99,33,72,45.8,8,27,29.6,25,30,83.3,10,28,38,21,12,10,3,16,203,0,0,-49
Gabe Vincent,LAL,29,19,11,8,382.1,97,31,92,33.7,27,74,36.5,8,8,100.0,5,13,18,26,6,8,1,44,179,0,0,-6
Rayan Rupert,POR,21,35,19,16,392.5,97,38,99,38.4,14,47,29.8,7,12,58.3,14,45,59,24,13,15,2,41,242,0,0,-43
Zach Collins,CHI,28,10,6,4,183.7,97,37,64,57.8,9,21,42.9,14,20,70.0,16,40,56,15,10,2,4,18,195,1,0,18
Baylor Scheierman,BOS,25,35,23,12,407.8,95,34,69,49.3,23,55,41.8,4,5,80.0,11,47,58,20,13,16,2,50,236,0,0,63
Kelly Olynyk,SAS,34,26,18,8,252.3,95,33,68,48.5,9,36,25.0,20,28,71.4,17,35,52,35,14,12,1,32,235,0,0,25
Olivier-Maxence Prosper,MEM,23,20,9,11,225.7,95,31,64,48.4,7,22,31.8,26,28,92.9,12,33,45,15,12,4,1,16,175,0,0,-57
Cam Christie,LAC,20,27,11,16,252.5,94,30,76,39.5,10,33,30.3,24,33,72.7,9,36,45,15,8,6,2,14,187,0,0,21
Jeremiah Robinson-Earl,DAL,25,18,5,13,321.1,91,34,91,37.4,10,36,27.8,13,14,92.9,34,61,95,12,11,9,1,24,242,0,0,-76
Jericho Sims,MIL,27,30,11,19,431.4,90,41,49,83.7,0,0,0.0,8,13,61.5,39,74,113,19,30,6,5,51,257,1,0,-162
Duop Reath,POR,29,30,14,16,233.4,89,32,71,45.1,23,53,43.4,2,3,66.7,8,24,32,9,7,5,7,27,170,0,0,-25
Nick Richards,PHX,28,28,15,13,253.5,89,35,71,49.3,0,0,0.0,19,28,67.9,35,56,91,8,25,4,14,39,239,0,0,-60
Caleb Martin,DAL,30,35,13,22,383.8,87,35,78,44.9,5,20,25.0,12,19,63.2,17,46,63,44,19,20,4,49,282,0,0,-44
Nolan Traore,BKN,19,19,6,13,323.9,87,32,102,31.4,14,52,26.9,9,11,81.8,2,20,22,52,24,9,5,31,209,0,0,-65
Gary Harris,MIL,31,31,11,20,452.5,85,31,61,50.8,18,36,50.0,5,5,100.0,9,37,46,31,13,18,5,38,243,0,0,-47
KJ Simpson,CHA,23,14,5,9,223.1,84,31,89,34.8,12,39,30.8,10,16,62.5,5,24,29,35,24,15,0,14,192,0,0,-32
Micah Potter,IND,27,11,3,8,186.0,84,25,51,49.0,15,35,42.9,19,20,95.0,8,30,38,14,8,3,3,21,161,1,0,-3
Julian Phillips,CHI,22,28,11,17,284.9,83,32,74,43.2,14,43,32.6,5,6,83.3,20,19,39,7,6,15,6,31,197,0,0,-7
Yanic Konan Niederhäuser,LAC,22,23,12,11,199.2,82,31,47,66.0,0,1,0.0,20,31,64.5,19,29,48,8,11,2,10,27,177,0,0,25
Dwight Powell,DAL,34,28,10,18,372.6,80,26,39,66.7,0,0,0.0,28,43,65.1,33,59,92,25,14,13,11,54,286,0,0,35
Garrison Mathews,IND,29,15,4,11,196.1,78,21,52,40.4,17,46,37.0,19,23,82.6,2,15,17,10,3,6,3,19,137,0,0,-2
Josh Green,CHA,25,17,8,9,270.1,77,28,66,42.4,19,51,37.3,2,4,50.0,15,16,31,18,6,11,1,16,171,0,0,53
Kobe Brown,LAC,26,27,10,17,250.1,77,25,69,36.2,10,43,23.3,17,20,85.0,14,30,44,22,11,7,2,13,179,0,0,-77
Ousmane Dieng,OKC,22,19,18,1,223.2,77,28,64,43.8,15,34,44.1,6,6,100.0,6,26,32,18,6,1,5,19,154,0,0,12
Moussa Cisse,DAL,23,23,7,16,254.8,76,30,47,63.8,0,0,0.0,16,36,44.4,41,57,98,5,17,8,26,39,286,1,0,-4
Dalen Terry,CHI,23,26,11,15,264.5,75,30,69,43.5,10,29,34.5,5,9,55.6,14,29,43,27,15,17,8,27,227,0,0,-21
Ethan Thompson,IND,26,18,4,14,276.1,74,26,68,38.2,15,48,31.3,7,9,77.8,10,20,30,24,10,9,5,35,178,0,0,-13
John Konchar,MEM,29,24,12,12,309.7,73,28,56,50.0,10,31,32.3,7,11,63.6,13,55,68,30,7,20,7,21,274,0,0,17
Walker Kessler,UTA,24,5,2,3,154.0,72,26,37,70.3,6,8,75.0,14,20,70.0,23,31,54,15,16,7,9,22,191,2,0,14
PJ Hall,CHA,23,15,5,10,153.9,69,26,44,59.1,3,5,60.0,14,20,70.0,23,29,52,7,11,1,9,16,161,0,0,-3
Julian Strawther,DEN,23,20,14,6,187.7,68,22,65,33.8,5,28,17.9,19,26,73.1,2,23,25,14,10,1,1,20,115,0,0,-36
Dylan Cardwell,SAC,24,15,7,8,269.2,66,27,52,51.9,0,1,0.0,12,24,50.0,41,54,95,13,11,10,22,54,285,0,0,19
Ben Saraf,BKN,19,12,3,9,203.0,65,22,62,35.5,9,33,27.3,12,15,80.0,5,14,19,34,23,8,3,15,149,0,0,-18
Jae'Sean Tate,HOU,30,24,18,6,184.4,65,28,54,51.9,6,17,35.3,3,3,100.0,17,18,35,13,4,5,3,28,147,0,0,-77
Carter Bryant,SAS,20,31,22,9,242.5,64,23,78,29.5,10,41,24.4,8,10,80.0,11,40,51,5,11,5,2,23,143,0,0,-36
Kasparas Jakučionis,MIA,19,15,7,8,206.8,64,18,52,34.6,15,31,48.4,13,14,92.9,10,19,29,23,12,8,0,23,145,0,0,-2
RayJ Dennis,ATL,24,14,2,12,171.8,64,22,72,30.6,12,38,31.6,8,9,88.9,8,15,23,26,15,3,4,16,137,0,0,-50
Rasheer Fleming,PHX,21,24,15,9,167.4,63,24,68,35.3,8,39,20.5,7,9,77.8,16,14,30,4,4,6,6,19,137,0,0,-21
Javon Small,MEM,23,14,7,7,175.6,60,19,56,33.9,10,31,32.3,12,15,80.0,5,15,20,46,18,4,2,18,153,0,0,-16
Larry Nance Jr.,CLE,33,17,11,6,245.3,60,24,67,35.8,11,35,31.4,1,3,33.3,13,33,46,20,9,9,4,38,175,0,0,-24
Yang Hansen,POR,20,23,12,11,196.5,58,19,65,29.2,5,31,16.1,15,16,93.8,11,30,41,18,19,1,8,29,142,0,0,-25
Mohamed Diawara,NYK,20,33,19,14,160.8,57,22,56,39.3,12,31,38.7,1,4,25.0,6,23,29,14,9,8,4,16,140,0,0,-49
Pat Connaughton,CHA,33,18,7,11,132.5,55,19,38,50.0,10,25,40.0,7,11,63.6,5,21,26,9,3,5,1,5,115,0,0,12
Chaz Lanier,DET,24,16,15,1,153.4,53,17,48,35.4,14,41,34.1,5,5,100.0,6,9,15,12,1,5,0,5,103,0,0,13
Keshad Johnson,MIA,24,17,8,9,138.2,52,19,50,38.0,5,20,25.0,9,13,69.2,13,21,34,1,6,5,4,12,115,1,0,24
Lindy Waters III,SAS,28,24,16,8,176.7,52,18,50,36.0,15,44,34.1,1,1,100.0,2,19,21,10,2,4,0,17,102,0,0,17
Marcus Sasser,DET,25,10,7,3,88.4,52,17,34,50.0,11,23,47.8,7,7,100.0,1,10,11,19,7,6,2,10,111,0,0,12
Amir Coffey,MIL,28,24,10,14,188.2,49,16,37,43.2,4,17,23.5,13,14,92.9,5,14,19,8,4,2,2,6,92,0,0,-22
Bradley Beal,LAC,32,6,2,4,120.9,49,18,48,37.5,7,19,36.8,6,8,75.0,2,3,5,10,9,3,0,14,70,0,0,-23
Taurean Prince,MIL,31,8,5,3,168.9,49,17,38,44.7,12,28,42.9,3,3,100.0,0,13,13,8,5,6,2,20,96,0,0,13
Chris Paul,LAC,40,16,4,12,227.5,47,18,56,32.1,10,30,33.3,1,2,50.0,6,22,28,53,16,11,0,23,177,0,0,-84
Chris Youngblood,OKC,23,27,24,3,139.6,47,14,44,31.8,12,39,30.8,7,7,100.0,6,17,23,7,1,3,1,19,96,0,0,-9
Jamir Watkins,WAS,24,15,4,11,187.8,47,16,33,48.5,5,19,26.3,10,12,83.3,5,31,36,6,7,6,3,29,119,0,0,-50
Jamal Cain,ORL,26,16,9,7,118.6,46,13,35,37.1,5,18,27.8,15,18,83.3,7,6,13,5,5,4,1,20,79,0,0,-4
Isaiah Livers,PHX,27,21,13,8,224.6,45,15,41,36.6,10,30,33.3,5,6,83.3,13,29,42,14,10,10,6,23,154,0,0,78
Ariel Hukporti,NYK,23,27,16,11,249.3,44,16,31,51.6,0,1,0.0,12,18,66.7,30,44,74,17,14,5,16,35,207,0,0,-16
DaRon Holmes II,DEN,23,10,6,4,127.8,44,14,31,45.2,11,24,45.8,5,6,83.3,3,14,17,13,4,0,4,10,92,0,0,-22
Leonard Miller,MIN,22,16,10,6,80.3,44,18,32,56.3,1,11,9.1,7,11,63.6,6,16,22,4,7,4,0,11,81,0,0,-5
Joan Beringer,MIN,19,16,9,7,96.6,43,20,28,71.4,0,0,0.0,3,4,75.0,11,16,27,2,4,3,5,14,98,0,0,42
Kevon Looney,NOP,29,16,2,14,226.5,42,18,45,40.0,1,9,11.1,5,8,62.5,37,43,80,25,8,6,8,30,210,0,0,-62
Obi Toppin,IND,27,3,0,3,82.2,42,15,36,41.7,3,17,17.6,9,9,100.0,3,17,20,5,6,3,0,7,77,0,0,-8
Jordan McLaughlin,SAS,29,17,12,5,106.3,41,15,33,45.5,7,18,38.9,4,5,80.0,4,7,11,13,8,9,0,8,93,0,0,-24
Hunter Tyson,DEN,25,16,12,4,111.4,40,13,40,32.5,6,22,27.3,8,9,88.9,3,22,25,10,4,2,1,9,90,0,0,-16
AJ Johnson,WAS,21,23,4,19,163.0,39,16,62,25.8,4,19,21.1,3,4,75.0,7,19,26,14,11,5,0,9,95,0,0,-19
JD Davison,HOU,23,19,16,3,139.2,39,14,37,37.8,6,19,31.6,5,9,55.6,2,13,15,20,5,4,4,11,106,0,0,-32
A.J. Lawson,TOR,25,8,2,6,85.9,38,13,35,37.1,7,19,36.8,5,5,100.0,6,13,19,3,3,4,3,13,83,0,0,-27
Devin Carter,SAC,23,12,1,11,101.3,38,13,38,34.2,5,20,25.0,7,7,100.0,5,9,14,13,8,6,2,10,90,0,0,-5
Blake Wesley,POR,22,6,4,2,98.1,36,14,34,41.2,2,10,20.0,6,10,60.0,2,12,14,19,7,10,1,14,107,0,0,-8
Johnny Juzang,MIN,24,16,10,6,62.2,36,14,31,45.2,5,19,26.3,3,4,75.0,4,8,12,6,3,2,0,3,62,0,0,13
Bronny James,LAL,21,22,10,12,154.9,35,13,38,34.2,7,20,35.0,2,2,100.0,4,6,10,25,12,9,1,13,103,0,0,6
Eric Gordon,PHI,37,6,3,3,73.8,33,12,21,57.1,8,14,57.1,1,2,50.0,1,1,2,3,3,4,1,3,52,0,0,-31
Nigel Hayes-Davis,PHX,31,23,12,11,180.2,33,15,43,34.9,2,15,13.3,1,2,50.0,11,18,29,7,7,7,1,15,95,0,0,-77
Taelon Peter,IND,23,21,3,18,122.2,33,10,34,29.4,9,32,28.1,4,6,66.7,6,13,19,14,9,3,2,7,83,0,0,-11
David Jones Garcia,SAS,24,11,7,4,68.0,32,13,25,52.0,3,5,60.0,3,6,50.0,4,9,13,18,5,6,1,6,91,0,0,38
Jeff Green,HOU,39,15,12,3,66.2,32,12,25,48.0,8,17,47.1,0,0,0.0,1,7,8,2,1,0,1,5,47,0,0,-51
Andre Jackson Jr.,MIL,24,17,5,12,116.6,31,9,28,32.1,4,17,23.5,9,10,90.0,5,8,13,19,8,5,2,18,88,0,0,0
Jalen Green,PHX,23,2,2,0,29.8,31,11,23,47.8,6,14,42.9,3,5,60.0,2,2,4,4,2,2,0,2,46,0,0,37
Xavier Tillman,BOS,27,11,7,4,103.2,31,14,28,50.0,3,13,23.1,0,0,0.0,10,14,24,5,4,6,2,9,87,0,0,-17
Dereck Lively II,DAL,21,7,3,4,115.3,30,11,18,61.1,0,0,0.0,8,10,80.0,14,23,37,13,10,4,11,21,129,0,0,14
Maxi Kleber,LAL,33,19,8,11,209.7,30,9,32,28.1,3,15,20.0,9,12,75.0,10,22,32,13,7,5,5,28,111,0,0,48
Anthony Gill,WAS,33,19,0,19,71.8,29,11,17,64.7,3,6,50.0,4,4,100.0,5,10,15,0,5,1,2,4,51,0,0,-4
Brooks Barnhizer,OKC,23,21,18,3,160.3,29,12,27,44.4,1,6,16.7,4,6,66.7,7,31,38,9,3,3,2,12,100,0,0,-61
Christian Koloko,ATL,25,13,5,8,200.9,29,14,35,40.0,0,1,0.0,1,4,25.0,19,26,45,10,7,10,13,21,160,0,0,11
Alijah Martin,TOR,24,8,3,5,83.7,28,9,25,36.0,2,11,18.2,8,10,80.0,6,6,12,7,3,5,3,9,74,0,0,-11
Kevin McCullar Jr.,NYK,24,11,4,7,86.9,28,10,23,43.5,6,14,42.9,2,5,40.0,8,12,20,15,8,4,0,14,79,0,0,-46
Luke Travers,CLE,24,12,6,6,103.1,28,9,36,25.0,1,16,6.3,9,9,100.0,9,15,24,9,3,7,4,6,100,0,0,-32
Myron Gardner,MIA,24,13,7,6,67.5,28,10,26,38.5,4,14,28.6,4,4,100.0,10,9,19,5,1,5,1,15,75,0,0,1
Mason Plumlee,CHA,35,14,6,8,124.5,26,9,12,75.0,0,0,0.0,8,12,66.7,10,30,40,16,9,6,0,10,107,0,0,8
Tolu Smith,DET,25,5,3,2,54.6,26,7,15,46.7,0,0,0.0,12,15,80.0,10,18,28,4,4,2,5,7,83,0,0,3
Dorian Finney-Smith,HOU,32,10,6,4,155.2,25,8,32,25.0,7,27,25.9,2,2,100.0,11,18,29,5,6,3,2,17,76,0,0,24
Pete Nance,MIL,25,11,2,9,47.2,25,10,18,55.6,5,11,45.5,0,0,0.0,1,7,8,2,3,1,1,2,41,0,0,27
Doug McDermott,SAC,34,7,1,6,70.3,24,8,23,34.8,8,23,34.8,0,0,0.0,0,5,5,2,3,0,1,5,33,0,0,-22
Khaman Maluach,PHX,19,18,11,7,84.2,23,8,20,40.0,0,5,0.0,7,8,87.5,5,13,18,3,9,1,7,15,64,0,0,-17
Mark Sears,MIL,23,7,1,6,26.1,22,6,13,46.2,4,8,50.0,6,8,75.0,1,1,2,2,4,0,0,4,23,0,0,12
Thanasis Antetokounmpo,MIL,33,13,4,9,40.3,22,8,13,61.5,0,0,0.0,6,9,66.7,3,3,6,1,3,6,3,7,55,0,0,33
Antonio Reeves,CHA,25,6,1,5,53.0,21,8,16,50.0,5,10,50.0,0,0,0.0,1,4,5,2,0,1,0,3,33,0,0,27
Jonathan Mogbo,TOR,24,16,5,11,83.9,21,10,16,62.5,0,0,0.0,1,3,33.3,6,13,19,9,2,2,3,5,70,0,0,3
Miles Kelly,DAL,22,6,3,3,63.4,21,8,20,40.0,5,16,31.3,0,0,0.0,2,6,8,3,3,2,0,7,38,0,0,7
Adou Thiero,LAL,21,15,8,7,86.7,20,7,18,38.9,0,1,0.0,6,8,75.0,7,11,18,5,4,5,1,15,63,0,0,-4
Caleb Houstan,ATL,23,9,5,4,44.4,20,6,14,42.9,5,11,45.5,3,3,100.0,4,1,5,2,4,1,1,5,31,0,0,-17
Matisse Thybulle,POR,28,4,2,2,48.8,20,6,10,60.0,4,6,66.7,4,4,100.0,0,4,4,3,1,10,0,7,58,0,0,23
Grant Williams,CHA,27,3,2,1,40.6,19,5,14,35.7,4,13,30.8,5,6,83.3,4,9,13,0,0,0,1,2,38,0,0,44
Kam Jones,IND,23,10,2,8,53.5,19,9,17,52.9,1,6,16.7,0,0,0.0,1,3,4,6,1,2,0,4,38,0,0,20
Mac McClung,IND,27,3,0,3,33.9,19,7,18,38.9,2,10,20.0,3,4,75.0,0,4,4,1,2,5,1,6,41,0,0,-13
Chris Boucher,BOS,33,8,3,5,90.6,18,7,22,31.8,1,12,8.3,3,4,75.0,2,16,18,3,1,5,7,16,79,0,0,7
Monte Morris,IND,30,6,0,6,64.6,18,7,20,35.0,2,8,25.0,2,4,50.0,1,6,7,9,2,1,1,3,44,0,0,-29
Bobi Klintman,DET,22,6,5,1,52.9,17,7,21,33.3,3,11,27.3,0,3,0.0,5,11,16,4,5,2,0,9,43,0,0,-16
Elijah Harkless,UTA,25,7,2,5,65.8,17,4,11,36.4,2,7,28.6,7,9,77.8,2,4,6,5,3,4,0,10,41,0,0,20
Emanuel Miller,CHI,25,5,0,5,33.0,15,6,13,46.2,2,6,33.3,1,2,50.0,1,2,3,4,0,2,0,2,31,0,0,-19
Moritz Wagner,ORL,28,2,2,0,24.3,15,5,10,50.0,1,4,25.0,4,4,100.0,0,6,6,2,1,0,0,3,24,0,0,-8
E.J. Liddell,BKN,25,8,1,7,35.2,14,5,12,41.7,2,8,25.0,2,3,66.7,3,6,9,0,0,0,0,4,25,0,0,17
Seth Curry,GSW,35,2,0,2,32.1,14,6,9,66.7,2,4,50.0,0,0,0.0,1,3,4,3,0,2,0,3,29,0,0,6
Trey Alexander,NOP,22,5,1,4,41.6,14,6,9,66.7,2,3,66.7,0,0,0.0,0,4,4,5,1,1,1,4,31,0,0,0
James Wiseman,IND,24,4,0,4,58.5,13,6,10,60.0,0,0,0.0,1,2,50.0,5,3,8,3,5,0,1,10,25,0,0,-9
Tyson Etienne,BKN,26,8,1,7,34.4,12,4,15,26.7,4,13,30.8,0,0,0.0,0,0,0,1,1,0,0,5,13,0,0,19
Jahmir Young,MIA,25,5,4,1,24.4,10,4,11,36.4,2,5,40.0,0,0,0.0,0,2,2,4,2,1,0,3,19,0,0,-17
Javonte Cooke,POR,26,6,1,5,44.1,10,4,17,23.5,2,8,25.0,0,0,0.0,1,5,6,7,5,2,0,1,29,0,0,-17
Johni Broome,PHI,23,7,3,4,39.7,10,4,20,20.0,0,3,0.0,2,4,50.0,6,7,13,4,2,2,0,5,36,0,0,-22
Bismack Biyombo,SAS,33,11,8,3,64.6,9,4,6,66.7,0,0,0.0,1,2,50.0,2,5,7,3,3,3,1,10,31,0,0,-30
Chris Livingston,CLE,22,3,2,1,17.4,9,4,7,57.1,0,3,0.0,1,1,100.0,0,3,3,1,0,1,0,4,17,0,0,8
DeAndre Jordan,NOP,37,2,0,2,23.3,9,4,5,80.0,0,0,0.0,1,2,50.0,4,6,10,0,1,0,0,1,20,0,0,-26
Riley Minix,SAS,25,3,2,1,8.3,9,4,6,66.7,1,3,33.3,0,0,0.0,1,1,2,1,0,1,0,1,16,0,0,13
Brandon Clarke,MEM,29,2,1,1,20.4,8,3,9,33.3,0,0,0.0,2,4,50.0,4,2,6,1,0,2,0,5,23,0,0,-12
Jacob Toppin,ATL,25,5,3,2,16.9,8,4,6,66.7,0,0,0.0,0,0,0.0,0,1,1,1,0,0,1,1,14,0,0,13
Pacôme Dadiet,NYK,20,16,9,7,48.2,8,2,9,22.2,0,5,0.0,4,4,100.0,1,10,11,6,0,2,0,3,36,0,0,-7
Ron Harper Jr.,BOS,25,4,3,1,20.2,8,3,10,30.0,2,8,25.0,0,0,0.0,1,2,3,4,0,1,2,2,27,0,0,13
Charles Bassey,MEM,25,2,0,2,30.5,7,3,8,37.5,0,0,0.0,1,3,33.3,7,8,15,2,1,1,1,5,33,0,0,-8
Cody Martin,IND,30,4,0,4,55.2,7,2,10,20.0,0,5,0.0,3,6,50.0,1,13,14,2,4,4,2,5,41,0,0,-28
Hunter Sallis,PHI,22,7,3,4,25.7,7,3,5,60.0,0,0,0.0,1,2,50.0,0,1,1,4,5,0,1,2,12,0,0,-13
Joe Ingles,MIN,38,13,7,6,53.9,7,2,5,40.0,1,4,25.0,2,2,100.0,0,5,5,11,5,6,0,6,43,0,0,-5
Orlando Robinson,ORL,25,4,2,2,24.8,7,3,5,60.0,1,2,50.0,0,0,0.0,2,2,4,3,0,1,0,3,19,0,0,-11
Trey Jemison III,NYK,26,6,5,1,37.9,7,3,3,100.0,0,0,0.0,1,1,100.0,5,5,10,1,3,0,2,6,24,0,0,-8
Jahmai Mashack,MEM,23,7,5,2,24.8,6,2,8,25.0,2,6,33.3,0,0,0.0,0,5,5,2,3,1,0,1,15,0,0,-20
Kyle Lowry,PHI,39,6,4,2,44.6,6,2,8,25.0,2,8,25.0,0,0,0.0,0,3,3,7,2,1,0,3,21,0,0,7
Wendell Moore Jr.,DET,24,3,3,0,43.1,6,3,6,50.0,0,1,0.0,0,0,0.0,1,3,4,3,1,2,1,1,23,0,0,32
Dario Šarić,SAC,31,5,1,4,41.2,5,1,6,16.7,1,3,33.3,2,2,100.0,1,5,6,2,2,0,0,3,13,0,0,0
Drew Peterson,CHA,26,6,1,5,64.3,5,2,16,12.5,0,12,0.0,1,2,50.0,3,6,9,2,0,3,1,3,31,0,0,-10
Harrison Ingram,SAS,23,3,2,1,10.8,5,2,3,66.7,1,1,100.0,0,0,0.0,3,0,3,0,0,0,0,2,9,0,0,13
Isaac Jones,DET,25,4,2,2,18.2,5,2,4,50.0,0,2,0.0,1,2,50.0,2,0,2,1,0,0,0,4,9,0,0,-16
Curtis Jones,DEN,24,5,3,2,21.9,4,2,10,20.0,0,6,0.0,0,0,0.0,1,3,4,1,1,0,0,2,9,0,0,4
Drew Timme,LAL,25,6,3,3,17.1,4,2,4,50.0,0,2,0.0,0,0,0.0,1,3,4,3,1,1,0,0,15,0,0,-1
Garrett Temple,TOR,39,10,4,6,29.3,4,1,6,16.7,1,4,25.0,1,2,50.0,0,4,4,3,3,3,1,2,22,0,0,-17
Koby Brea,PHX,23,2,1,1,7.8,4,1,3,33.3,0,2,0.0,2,2,100.0,0,1,1,2,0,0,0,0,8,0,0,-10
Lachlan Olbrich,CHI,22,8,1,7,66.2,4,2,9,22.2,0,4,0.0,0,2,0.0,6,13,19,7,4,0,0,15,33,0,0,-21
Trentyn Flowers,CHI,20,2,0,2,5.5,4,2,3,66.7,0,1,0.0,0,0,0.0,1,0,1,1,1,0,0,1,6,0,0,-2
Amari Williams,BOS,23,6,4,2,30.9,3,1,2,50.0,0,0,0.0,1,2,50.0,2,5,7,1,0,1,2,4,22,0,0,-12
Kobe Bufkin,LAL,22,2,1,1,20.6,3,1,3,33.3,1,2,50.0,0,0,0.0,1,3,4,1,1,1,1,1,14,0,0,-7
N'Faly Dante,ATL,24,4,3,1,15.4,3,1,4,25.0,0,0,0.0,1,1,100.0,3,4,7,0,1,2,0,1,16,0,0,10
TyTy Washington Jr.,LAC,24,1,1,0,9.9,3,1,3,33.3,1,2,50.0,0,0,0.0,0,1,1,2,0,0,1,0,10,0,0,2
Colby Jones,DET,23,1,0,1,6.8,2,1,3,33.3,0,2,0.0,0,0,0.0,0,4,4,2,0,0,0,1,10,0,0,12
Daeqwon Plowden,SAC,27,1,0,1,14.0,2,1,5,20.0,0,3,0.0,0,0,0.0,2,0,2,0,0,0,0,0,4,0,0,-16
Hunter Dickinson,NOP,25,1,0,1,4.7,2,1,2,50.0,0,0,0.0,0,0,0.0,0,0,0,0,2,0,1,2,3,0,0,-12
Oscar Tshiebwe,UTA,26,1,0,1,14.8,2,1,4,25.0,0,0,0.0,0,1,0.0,2,4,6,1,0,1,0,2,14,0,0,-3
Jahmyl Telfort,LAC,24,8,2,6,32.0,1,0,4,0.0,0,4,0.0,1,4,25.0,0,3,3,1,1,1,0,5,8,0,0,-7
Chris Mañon,LAL,24,4,1,3,13.7,0,0,1,0.0,0,1,0.0,0,0,0.0,1,2,3,0,0,1,2,3,13,0,0,7
Chucky Hepburn,TOR,22,2,0,2,13.2,0,0,6,0.0,0,5,0.0,0,0,0.0,0,1,1,2,1,1,0,2,6,0,0,-16
Isaiah Crawford,HOU,24,2,1,1,4.6,0,0,1,0.0,0,1,0.0,0,0,0.0,0,0,0,0,0,0,0,0,0,0,0,2
Mo Bamba,TOR,27,2,2,0,5.8,0,0,2,0.0,0,0,0.0,0,0,0.0,1,1,2,0,0,0,1,2,5,0,0,-9
Noa Essengue,CHI,19,2,1,1,6.0,0,0,3,0.0,0,2,0.0,0,0,0.0,0,0,0,0,0,1,0,1,3,0,0,-15
Sharife Cooper,WAS,24,4,1,3,9.9,0,0,1,0.0,0,1,0.0,0,0,0.0,0,0,0,0,1,0,0,1,-1,0,0,-13
Tosan Evbuomwan,NYK,24,5,4,1,7.7,0,0,1,0.0,0,0,0.0,0,0,0.0,1,1,2,0,0,0,0,1,2,0,0,-8
Vladislav Goldin,MIA,24,1,0,1,0.9,0,0,0,0.0,0,0,0.0,0,0,0.0,0,0,0,1,0,0,0,0,2,0,0,6
